-- phpMyAdmin SQL Dump
-- version 5.2.1
-- https://www.phpmyadmin.net/
--
-- Hôte : 127.0.0.1
-- Généré le : mar. 11 fév. 2025 à 21:12
-- Version du serveur : 10.4.32-MariaDB
-- Version de PHP : 8.2.12

SET SQL_MODE = "NO_AUTO_VALUE_ON_ZERO";
START TRANSACTION;
SET time_zone = "+00:00";


/*!40101 SET @OLD_CHARACTER_SET_CLIENT=@@CHARACTER_SET_CLIENT */;
/*!40101 SET @OLD_CHARACTER_SET_RESULTS=@@CHARACTER_SET_RESULTS */;
/*!40101 SET @OLD_COLLATION_CONNECTION=@@COLLATION_CONNECTION */;
/*!40101 SET NAMES utf8mb4 */;

--
-- Base de données : `bd_articles`
--

-- --------------------------------------------------------

--
-- Structure de la table `affiliation`
--

CREATE TABLE `affiliation` (
  `id_affiliation` int(11) NOT NULL,
  `nom_affiliation` varchar(255) NOT NULL,
  `id_ville` int(11) NOT NULL
) ENGINE=InnoDB DEFAULT CHARSET=utf8mb4 COLLATE=utf8mb4_general_ci;

--
-- Déchargement des données de la table `affiliation`
--

INSERT INTO `affiliation` (`id_affiliation`, `nom_affiliation`, `id_ville`) VALUES
(1, 'Gunosy Inc.', 1),
(2, 'RIKEN Center for Advanced Intelligence Project', 1),
(3, 'Tokyo Institute of Technology', 2),
(4, 'TU Delft', 3),
(5, 'Insight Centre for Data Analytics University College Cork', 4),
(6, 'Delft University of Technology', 3),
(7, 'Department of Computer Science Universidade Federal de Minas Gerais', 5),
(8, 'Hong Kong University of Science and Technology', 6),
(9, 'AI Group WeBank', 7),
(10, 'WeiXin Group Tencent Inc.', 7),
(11, 'College of Computer Science and Software Engineering Shenzhen University', 7),
(12, 'Relational AI', 8),
(13, 'RelationalAI', 8),
(14, 'The Home Depot', 8),
(15, 'Indian Institute of Technology Delhi', 9),
(16, 'Indian Institute of Technology Kanpur', 10),
(17, 'Adobe Research', 11),
(18, 'Carnegie Mellon University', 12),
(19, 'Computer Science University of Bristol', 13),
(20, 'University of Bristol', 13),
(21, 'University of Duisburg-Essen', 14),
(22, 'University of Amsterdam', 15),
(23, 'University of Amsterdam & Ahold Delhaize', 15),
(24, 'University of Toronto', 16),
(25, 'Borealis AI', 16),
(26, 'University of Science and Technology of China', 17),
(27, 'Microsoft Research Asia', 18),
(28, 'Tsinghua University', 18),
(29, 'Microsoft Corp.', 19),
(30, 'Macquarie University', 20),
(31, 'Shanghai Univirsity of Finance and Economics', 21),
(32, 'Shanghai University of Finance and Economics', 21),
(33, 'Nanyang Technological University', 22),
(34, 'University of Amsterdam', 23),
(35, 'Bloomberg', 24),
(36, 'University of Amsterdam and Ahold Delhaize', 23),
(37, 'Texas A&M University', 25),
(38, 'University of Copenhagen', 26),
(39, 'Spotify Research', 27),
(40, 'Alibaba Group', 28),
(41, 'Microsoft Research', 29),
(42, 'Columbia University', 24),
(43, 'Economics Columbia University', 24),
(44, 'Everquote', 30),
(45, 'University of Minnesota', 31),
(46, 'University College London', 27),
(47, 'Yahoo Labs', 32),
(48, 'Technion - Israel Institute of Technology', 32),
(49, 'Technion - Israel Institute of', 32),
(50, 'Michigan State University', 33),
(51, 'University of California Santa Cruz', 34),
(52, 'University of Maryland', 35),
(53, 'San Jose State University', 34),
(54, 'Netflix', 34),
(55, 'Federal University of Campina Grande', 36),
(56, 'Federal University of Minas Gerais', 5),
(57, 'University of Pittsburgh', 12),
(58, 'University of Verona', 37),
(59, 'Technical University of Crete', 38),
(60, 'University of Southampton', 39),
(61, 'Université de Montréal', 40),
(62, 'Texas State University', 25),
(63, 'Columbia University', 41),
(64, 'Princeton University', 42),
(65, 'University of Zurich', 43),
(66, 'British Broadcasting Corporation', 44),
(67, 'Xi\'an Jiaotong University', 45),
(68, 'École polytechnique fédérale de Lausanne', 46),
(69, 'Indian Institute of Science', 11),
(70, 'TU Dortmund', 47),
(71, 'Adobe - San Jose', 34),
(72, 'Insead', 48),
(73, 'University of California', 34),
(74, 'The University of Hong Kong', 49),
(75, 'University of Toronto', 50),
(76, 'Columbia University', 51),
(77, 'Rutgers University', 52),
(78, 'University of Antwerp', 53),
(79, 'University of Minnesota', 54),
(80, 'SAP Innovation Center Network', 22),
(81, 'University of Massachusetts Amherst', 30),
(82, 'RWTH Aachen University', 55),
(83, 'KU Leuven', 56),
(84, 'Rutgers University - Newark', 57),
(85, 'University of Louisville', 58),
(86, 'University of Oxford', 59),
(87, 'Alibaba Group', 18),
(88, 'University of Notre Dame', 60),
(89, 'Google - Mountain View', 34),
(90, 'Clemson University', 61),
(91, 'University', 61),
(92, 'Quora', 34),
(93, 'Eindhoven University of Technology', 62),
(94, 'Criteo', 63),
(95, 'Facebook', 63),
(96, 'POSTECH', 64),
(97, 'Kyung Hee University', 65),
(98, 'Gravity R&D', 66),
(99, 'Politecnico di Milano', 67),
(100, 'Telefonica Research', 68),
(101, 'Politecnico di Milano', 69),
(102, 'Delft University of Technology & Radboud University', 70),
(103, 'Gravity R&D Inc', 66),
(104, 'Texas A&M University - College Station', 25),
(105, 'Microsoft', 71),
(106, 'Technion', 32),
(107, 'IBM', 32),
(108, 'Universite de technologie de Compiegne', 72),
(109, 'Singapore Management University', 22),
(110, 'UC San Diego', 73),
(111, 'Adobe Research', 74),
(112, 'University of Maryland - College Park', 35),
(113, 'Universidade Federal do Recôncavo da Bahia', 75),
(114, 'Universidade Federal de Minas Gerais', 5),
(115, 'Microsoft', 76),
(116, 'UT Austin', 25),
(117, 'Criteo', 77),
(118, 'Carnegie Mellon Univ.', 78),
(119, 'National Taiwan University', 79),
(120, 'Netflix Inc.', 34),
(121, 'Princeton University', 57),
(122, 'HEC Montréal', 40),
(123, 'Shanghai Jiao Tong University', 21),
(124, 'Skolkovo Institute of Science and Technology', 80),
(125, 'Skolkovo Institute of Science and Technology and Institute of Numerical Mathematics of the Russian Academy of Sciences', 80),
(126, 'University of Mons', 81),
(127, 'Università della Svizzera italiana', 82),
(128, 'Panthéon-Sorbonne', 63),
(129, 'Technische Universität Berlin', 83),
(130, 'NTNU', 84),
(131, 'NextSmarty', 85),
(132, 'Posts and Telecommunications Institute of Technology & FPT Software Research Lab', 85),
(133, 'George Mason University', 86),
(134, 'SAP Labs', 40),
(135, 'Google Research', 87),
(136, 'Yahoo Research', 32),
(137, 'Beijing Jiaotong University', 18),
(138, 'University of Illinois at Urbana-Champaign', 88),
(139, 'Google Research', 34),
(140, 'Faculdade de Engenharia da Universidade do Porto', 89),
(141, 'Universidade de São Paulo', 90),
(142, 'Quora - Inc.', 34),
(143, 'Amazon Development Center India', 11),
(144, 'Independent', 11),
(145, 'Zalando SE', 83),
(146, 'University of Southern California', 34),
(147, 'Visa Research - Visa Inc.', 34),
(148, 'Virginia Tech', 86),
(149, 'Yahoo Research', 34),
(150, 'Etsy Inc.', 24),
(151, 'Slovak University of Technology', 91),
(152, 'National University of Singapore & Harvard University', 22),
(153, 'Heinrich-Heine-University Duesseldorf', 92),
(154, 'Tel-Aviv University', 87),
(155, 'The Open University', 93),
(156, 'The Chinese University of Hong Kong', 49),
(157, 'University of HongKong', 94);

-- --------------------------------------------------------

--
-- Structure de la table `article`
--

CREATE TABLE `article` (
  `id_article` int(11) NOT NULL,
  `titre_article` varchar(255) NOT NULL
) ENGINE=InnoDB DEFAULT CHARSET=utf8mb4 COLLATE=utf8mb4_general_ci;

--
-- Déchargement des données de la table `article`
--

INSERT INTO `article` (`id_article`, `titre_article`) VALUES
(1, 'A Method to Anonymize Business Metrics to Publishing Implicit Feedback Datasets'),
(2, 'Doubly Robust Estimator for Ranking Metrics with Post-Click Conversions'),
(3, 'Ensuring Fairness in Group Recommendations by Rank-Sensitive Balancing of Relevance'),
(4, 'Exploiting Performance Estimates for Augmenting Recommendation Ensembles'),
(5, 'Exploring Clustering of Bandits for Online Recommendation System'),
(6, 'FISSA: Fusing Item Similarity Models with Self-Attention Networks for Sequential Recommendation'),
(7, 'From the lab to production: A case study of session-based recommendations in the home-improvement domain'),
(8, 'Goal-driven Command Recommendations for Analysts'),
(9, 'ImRec: Learning Reciprocal Preferences Using Images'),
(10, 'In-Store Augmented Reality-Enabled Product Comparison and Recommendation'),
(11, 'Keeping Dataset Biases out of the Simulation: A Debiased Simulator for Reinforcement Learning based Recommender Systems'),
(12, 'A Ranking Optimization Approach to Latent Linear Critiquing for Conversational Recommender Systems'),
(13, 'KRED: Knowledge-Aware Document Representation for News Recommendations'),
(14, 'Are We Evaluating Rigorously? Benchmarking Recommendation for Reproducible Evaluation and Fair Comparison'),
(15, 'Cascading Hybrid Bandits: Online Learning to Rank for Relevance and Diversity'),
(16, 'Content-Collaborative Disentanglement Representation Learning for Enhanced Recommendation'),
(17, 'Contextual and Sequential User Embeddings for Large-Scale Music Recommendation'),
(18, 'Contextual User Browsing Bandits for Large-Scale Online Mobile Recommendation'),
(19, 'Debiasing Item-to-Item Recommendations With Small Annotated Datasets'),
(20, 'Deconstructing the Filter Bubble: User Decision-Making and Recommender Systems'),
(21, 'Putting Users in Control of their Recommendations'),
(22, 'Risk-Hedged Venture Capital Investment Recommendation'),
(23, 'ExcUseMe: Asking Users to Help in Item Cold-Start Recommendations'),
(24, 'Cold-Start Item and User Recommendation with Decoupled Completion and Transduction'),
(25, 'HyPER: A Flexible and Extensible Probabilistic Framework for Hybrid Recommender Systems'),
(26, 'Gaussian Ranking by Matrix Factorization'),
(27, 'Context-Aware Event Recommendation in Event-based Social Networks'),
(28, 'It Takes Two to Tango: An Exploration of Domain Pairs for Cross-Domain Collaborative Filtering'),
(29, 'Recommending Fair Payments for Large-Scale Social Ridesharing'),
(30, 'Learning Distributed Representations from Reviews for Collaborative Filtering'),
(31, 'Letting Users Choose Recommender Algorithms: An Experimental Study'),
(32, 'Dynamic Poisson Factorization'),
(33, 'Blockbusters and Wallflowers: Accurate, Diverse, and Scalable Recommendations with Random Walks'),
(34, 'Fast Differentially Private Matrix Factorization'),
(35, 'Predicting Online Performance of News Recommender Systems Through Richer Evaluation Metrics'),
(36, 'Content Driven User Profiling for Comment-Worthy Recommendations of News and Blog Articles'),
(37, 'Beyond \"Hitting the Hits\": Generating Coherent Music Playlist Continuations with the Right Tracks'),
(38, 'Selection and Ordering of Linear Online Video Ads'),
(39, 'Adaptation and Evaluation of Recommendations for Short-term Shopping Goals'),
(40, 'E-commerce Recommendation with Personalized Promotion'),
(41, 'The Role of User Location in Personalized Search and Recommendation'),
(42, '\"I like to explore sometimes\": Adapting to Dynamic User Novelty Preferences'),
(43, 'Overlapping Community Regularization for Rating Prediction in Social Recommender Systems'),
(44, 'Preference-oriented Social Networks: Group Recommendation and Inference'),
(45, 'A Probabilistic Model for Using Social Networks in Personalized Item Recommendation'),
(46, 'PushTrust: An Efficient Recommendation Algorithm by Leveraging Trust and Distrust Relations'),
(47, 'Top-N Recommendation for Shared Accounts'),
(48, 'Exploiting Geo-Spatial Preference for Personalized Expert Recommendation'),
(49, 'Recommendations with a Purpose'),
(50, 'Latent Factor Representations for Cold-Start Video Recommendation'),
(51, 'Ask the GRU: Multi-task Learning for Deep Text Recommendations'),
(52, 'HCI for Recommender Systems: the Past, the Present and the Future'),
(53, 'Human-Recommender Systems: From Benchmark Data to Benchmark Cognitive Models'),
(54, 'Gaze Prediction for Recommender Systems'),
(55, 'Mechanism Design for Personalized Recommender Systems'),
(56, 'Mood-Sensitive Truth Discovery For Reliable Recommendation Systems in Social Sensing'),
(57, 'Crowd-Based Personalized Natural Language Explanations for Recommendations'),
(58, 'Domain-Aware Grade Prediction and Top-n Course Recommendation'),
(59, 'Deep Neural Networks for YouTube Recommendations'),
(60, 'Recommender Systems for Self-Actualization'),
(61, 'Recommender Systems with Personality'),
(62, 'Past, Present, and Future of Recommender Systems: An Industry Perspective'),
(63, 'Behaviorism is Not Enough: Better Recommendations through Listening to Users'),
(64, 'Meta-Prod2Vec: Product Embeddings Using Side-Information for Recommendation'),
(65, 'Convolutional Matrix Factorization for Document Context-Aware Recommendation'),
(66, 'Parallel Recurrent Neural Network Architectures for Feature-rich Session-based Recommendations'),
(67, 'The Contextual Turn: from Context-Aware to Context-Driven Recommender Systems'),
(68, 'Discovering What You\'re Known For: A Contextual Poisson Factorization Approach'),
(69, 'TAPER: A Contextual Tensor-Based Approach for Personalized Expert Recommendation'),
(70, 'Guided Walk: A Scalable Recommendation Algorithm for Complex Heterogeneous Social Networks'),
(71, 'A Coverage-Based Approach to Recommendation Diversity On Similarity Graph'),
(72, 'Recommending New Items to Ephemeral Groups Using Contextual User Influence'),
(73, 'Representation Learning for Homophilic Preferences'),
(74, 'Vista: A Visually, Socially, and Temporally-aware Model for Artistic Recommendation'),
(75, 'STAR: Semiring Trust Inference for Trust-Aware Social Recommenders'),
(76, 'Personalized Recommendations using Knowledge Graphs: A Probabilistic Logic Programming Approach'),
(77, 'Efficient Bayesian Methods for Graph-based Recommendation'),
(78, 'Bayesian Low-Rank Determinantal Point Processes'),
(79, 'Using Navigation to Improve Recommendations in Real-Time'),
(80, 'Field-aware Factorization Machines for CTR Prediction'),
(81, 'Learning Hierarchical Feature Influence for Recommendation by Recursive Regularization'),
(82, 'Factorization Meets the Item Embedding: Regularizing Matrix Factorization with Item Co-occurrence'),
(83, 'Local Item-Item Models For Top-N Recommendation'),
(84, 'Joint User Modeling across Aligned Heterogeneous Sites'),
(85, 'Fifty Shades of Ratings: How to Benefit from a Negative Feedback in Top-N Recommendations Tasks'),
(86, 'Learning to Rank with Trust and Distrust in Recommender Systems'),
(87, 'Recommending Personalized News in Short User Sessions'),
(88, 'Personalizing Session-based Recommendations with Hierarchical Recurrent Neural Networks'),
(89, '3D Convolutional Networks for Session-based Recommendation with Content Features'),
(90, 'Sequential User-based Recurrent Neural Network Recommendations'),
(91, 'Translation-based Recommendation'),
(92, 'MPR: Multi-Objective Pairwise Ranking'),
(93, 'Expediting Exploration by Attribute-to-Feature Mapping for Cold-Start Recommendations'),
(94, 'Additive Co-Clustering with Social Influence for Recommendation'),
(95, 'Folding: Why Good Models Sometimes Make Spurious Recommendations'),
(96, 'Fewer Flops at the Top: Accuracy, Diversity, and Regularization in Two-Class Collaborative Filtering'),
(97, 'Metalearning for Context-aware Filtering: Selection of Tensor Factorization Algorithms'),
(98, 'Understanding How People Use Natural Language to Ask for Recommendations'),
(99, 'Recommending Product Sizes to Customers'),
(100, 'Practical Lessons from Developing a Large-Scale Recommender System at Zalando'),
(101, 'Exploiting Socio-Economic Models for Lodging Recommendation in the Sharing Economy'),
(102, 'Interpretable Convolutional Neural Networks with Dual Local and Global Attention for Review Rating Prediction'),
(103, 'TransNets: Learning to Transform for Recommendation'),
(104, 'Getting Deep Recommenders Fit: Bloom Embeddings for Sparse Binary Input/Output Networks'),
(105, 'A Gradient-based Adaptive Learning Framework for Efficient Personal Recommendation'),
(106, 'Educational Question Routing in Online Student Communities'),
(107, 'The Magic Barrier Revisited: Accessing Natural Limitations of Recommender Assessment'),
(108, 'Effective User Interface Designs to Increase Energy-efficient Behavior in a Rasch-based Energy Recommender System'),
(109, 'Secure Multi-Party Protocols for Item-Based Collaborative Filtering'),
(110, 'Modeling the Assimilation-Contrast Effects in Online Product Rating Systems: Debiasing and Recommendations'),
(111, 'Fairness-Aware Group Recommendation with Pareto-Efficiency');

-- --------------------------------------------------------

--
-- Structure de la table `auteur`
--

CREATE TABLE `auteur` (
  `id_auteur` int(11) NOT NULL,
  `nom_auteur` varchar(255) NOT NULL,
  `id_affiliation` int(11) NOT NULL
) ENGINE=InnoDB DEFAULT CHARSET=utf8mb4 COLLATE=utf8mb4_general_ci;

--
-- Déchargement des données de la table `auteur`
--

INSERT INTO `auteur` (`id_auteur`, `nom_auteur`, `id_affiliation`) VALUES
(1, 'Yoshifumi Seki', 1),
(2, 'Takanori Maehara', 2),
(3, 'Yuta Saito', 3),
(4, 'Mesut Kaya', 4),
(5, 'Derek Bridge', 5),
(6, 'Nava Tintarev', 4),
(7, 'Gustavo Penha', 6),
(8, 'Rodrygo L. T. Santos', 7),
(9, 'Liu Yang', 8),
(10, 'Bo Liu', 9),
(11, 'Leyu Lin', 10),
(12, 'Feng Xia', 10),
(13, 'Kai Chen', 8),
(14, 'Qiang Yang', 9),
(15, 'Jing Lin', 11),
(16, 'Weike Pan', 11),
(17, 'Zhong Ming', 11),
(18, 'Pigi Kouki', 12),
(19, 'Ilias Fountalis', 13),
(20, 'Nikolaos Vasiloglou', 12),
(21, 'Xiquan Cui', 14),
(22, 'Samarth Aggarwal', 15),
(23, 'Rohin Garg', 16),
(24, 'Abhilasha Sancheti', 17),
(25, 'Bhanu Prakash Guda', 18),
(26, 'Iftikhar Ahamath Burhanuddin', 17),
(27, 'James Neve', 19),
(28, 'Ryan McConville', 20),
(29, 'Jesús Omar Álvarez Márquez', 21),
(30, 'Jürgen E Ziegler', 21),
(31, 'Jin Huang', 22),
(32, 'Harrie Oosterhuis', 22),
(33, 'Maarten de Rijke', 23),
(34, 'Herke van Hoof', 22),
(35, 'Hanze Li', 24),
(36, 'Scott Patrick Sanner', 24),
(37, 'Kai Luo', 24),
(38, 'Ga Wu', 25),
(39, 'Danyang Liu', 26),
(40, 'Jianxun Lian', 27),
(41, 'Shiyin Wang', 28),
(42, 'Ying Qiao', 29),
(43, 'Jiunhung Chen', 29),
(44, 'Guangzhong Sun', 26),
(45, 'Zhu Sun', 30),
(46, 'Di Yu', 31),
(47, 'Hui Fang', 32),
(48, 'Jie Yang', 6),
(49, 'Xinghua Qu', 33),
(50, 'Jie Jennifer Zhang', 33),
(51, 'Cong Geng', 32),
(52, 'Chang Li', 34),
(53, 'Haoyun Feng', 35),
(54, 'Maarten de Rijke', 36),
(55, 'Yin Zhang', 37),
(56, 'Ziwei Zhu', 37),
(57, 'Yun He', 37),
(58, 'James A Caverlee', 37),
(59, 'Casper Hansen', 38),
(60, 'Christian Hansen', 38),
(61, 'Lucas Maystre', 39),
(62, 'Rishabh Mehrotra', 39),
(63, 'Xu HE', 33),
(64, 'Boyuan An', 33),
(65, 'Yanghua Li', 40),
(66, 'Haikai Chen', 40),
(67, 'Qingyu Guo', 33),
(68, 'Xin Li', 40),
(69, 'Zhirong Wang', 40),
(70, 'Tobias Schnabel', 41),
(71, 'Paul N Bennett', 41),
(72, 'Guy Aridor', 42),
(73, 'Duarte Goncalves', 43),
(74, 'Shan Sikdar', 44),
(75, 'F. Maxwell Harper', 45),
(76, 'Funing Xu', 45),
(77, 'Harmanpreet Kaur', 45),
(78, 'Kyle Condiff', 45),
(79, 'Shuo Chang', 45),
(80, 'Loren Terveen', 45),
(81, 'Xiaoxue Zhao', 46),
(82, 'Weinan Zhang', 46),
(83, 'Jun Wang', 46),
(84, 'Michal Aharon', 47),
(85, 'Oren Anava', 48),
(86, 'Noa Avigdor-Elgrabli', 47),
(87, 'Dana Drachsler-Cohen', 49),
(88, 'Shahar Golan', 47),
(89, 'Oren Somekh', 47),
(90, 'Iman Barjasteh', 50),
(91, 'Rana Forsati', 50),
(92, 'Farzan Masrour', 50),
(93, 'Abdol Hossein Esfahanian', 50),
(94, 'Hayder Radha', 50),
(95, 'Pigi Kouki', 51),
(96, 'Shobeir M Fakhraei', 52),
(97, 'James R Foulds', 51),
(98, 'Magdalini Eirinaki', 53),
(99, 'Lise Carol Getoor', 51),
(100, 'Harald Steck', 54),
(101, 'Augusto Q Macedo', 55),
(102, 'Leandro Balby Marinho', 55),
(103, 'Rodrygo L. T. Santos', 56),
(104, 'Shaghayegh (Sherry) Sahebi', 57),
(105, 'Peter L Brusilovsky', 57),
(106, 'Filippo Bistaffa', 58),
(107, 'Alessandro Farinelli', 58),
(108, 'Georgios Chalkiadakis', 59),
(109, 'Sarvapali Dyanand Ramchurn', 60),
(110, 'Amjad Almahairi', 61),
(111, 'Kyle Kastner', 61),
(112, 'Kyunghyun Cho', 61),
(113, 'Aaron C Courville', 61),
(114, 'Michael D. Ekstrand', 62),
(115, 'Daniel Kluver', 45),
(116, 'Joseph A. Konstan', 45),
(117, 'Laurent Charlin', 63),
(118, 'Rajesh Ranganath', 64),
(119, 'James McInerney', 63),
(120, 'David Meir Blei', 63),
(121, 'Fabian Christoffel', 65),
(122, 'Bibek Paudel', 65),
(123, 'Chris Newell', 66),
(124, 'Abraham Bernstein', 65),
(125, 'Ziqi Liu', 67),
(126, 'Yuxiang Wang', 18),
(127, 'Alexander Smola', 18),
(128, 'Andrii Maksai', 68),
(129, 'Florent Garcin', 68),
(130, 'Boi Volkert Faltings', 68),
(131, 'Trapit Bansal', 69),
(132, 'Mrinal Kanti Das', 69),
(133, 'Chiranjib Bhattacharyya', 69),
(134, 'Dietmar Jannach', 70),
(135, 'Lukas Lerche', 70),
(136, 'Iman Kamehkhosh', 70),
(137, 'Wreetabrata Kar', 71),
(138, 'Viswanathan (Vishy) Swaminathan', 71),
(139, 'Paulo Albuquerque', 72),
(140, 'Michael Jugovac', 70),
(141, 'Qi Zhao', 73),
(142, 'Yi Zhang', 73),
(143, 'Daniel Friedman', 73),
(144, 'Fangfang Tan', 73),
(145, 'Ido Guy', 47),
(146, 'Komal Kapoor', 45),
(147, 'Vikas Kumar', 45),
(148, 'Paul R Schrater', 45),
(149, 'Hui Li', 74),
(150, 'Dingming Wu', 74),
(151, 'Wenbin Tang', 74),
(152, 'Nikos Mamoulis', 74),
(153, 'Amirali Salehi-Abari', 75),
(154, 'Craig Boutilier', 75),
(155, 'Allison J B Chaney', 64),
(156, 'David Meir Blei', 76),
(157, 'Tina Eliassi-Rad', 77),
(158, 'Koen Verstrepen', 78),
(159, 'Bart Goethals', 78),
(160, 'Haokai Lu', 37),
(161, 'Gediminas Adomavicius', 79),
(162, 'Sujoy Roy', 80),
(163, 'Sharath Chandra Guntuku', 33),
(164, 'Trapit Bansal', 81),
(165, 'David Belanger', 81),
(166, 'Andrew Kachites McCallum', 81),
(167, 'André Calero Valdez', 82),
(168, 'Martina Ziefle', 82),
(169, 'Katrien Verbert', 83),
(170, 'Patrick Shafto', 84),
(171, 'Olfa Nasraoui', 85),
(172, 'Qian Zhao', 45),
(173, 'Qingpeng Cai', 28),
(174, 'Aris Filos-Ratsikas', 86),
(175, 'Chang Liu', 87),
(176, 'Pingzhong Tang', 28),
(177, 'Jermaine Marshall', 88),
(178, 'Dong Wang', 88),
(179, 'Maxwell Harper', 45),
(180, 'Asmaa Elbadrawy', 79),
(181, 'George Karypis', 79),
(182, 'Paul Covington', 89),
(183, 'Jay Adams', 89),
(184, 'Emre Sargin', 89),
(185, 'Bart P. Knijnenburg', 90),
(186, 'Saadhika Sivakumar Clemson', 91),
(187, 'Daricia Wilkinson Clemson', 91),
(188, 'Amos Azaria', 18),
(189, 'Jason I An Hong', 18),
(190, 'Xavier Amatriain', 92),
(191, 'Justin Basilico', 54),
(192, 'Martijn C. Willemsen', 93),
(193, 'Flavian Vasile', 94),
(194, 'Elena Smirnova', 94),
(195, 'Alexis Conneau', 95),
(196, 'Donghyun Kim', 96),
(197, 'Chanyoung Park', 96),
(198, 'Jinoh Oh', 96),
(199, 'Sungyoung Lee', 97),
(200, 'Hwanjo Yu', 96),
(201, 'Balázs Hidasi', 98),
(202, 'Massimo Quadrana', 99),
(203, 'Alexandros Karatzoglou', 100),
(204, 'Domonkos Tikk', 98),
(205, 'Roberto Pagano', 101),
(206, 'Paolo Cremonesi', 101),
(207, 'Martha Larson', 102),
(208, 'Balázs Hidasi', 103),
(209, 'Haokai Lu', 104),
(210, 'James A Caverlee', 104),
(211, 'Wei Niu', 104),
(212, 'Hancheng Ge', 104),
(213, 'Roy Levin', 105),
(214, 'Hassan Abassi', 106),
(215, 'Uzi Cohen', 107),
(216, 'Shameem A Puthiya Parambath', 108),
(217, 'Nicolas Usunier', 95),
(218, 'Yves Grandvalet', 108),
(219, 'Elisa Quintarelli', 101),
(220, 'Emanuele Rabosio', 101),
(221, 'L. Tanca', 101),
(222, 'Trong T Nguyen', 109),
(223, 'Hady Wirawan Lauw', 109),
(224, 'Ruining He', 110),
(225, 'Chen Fang', 111),
(226, 'Zhaowen Wang', 111),
(227, 'Julian John McAuley', 110),
(228, 'Peixin Gao', 112),
(229, 'Hui Miao', 112),
(230, 'John S Baras', 112),
(231, 'Jennifer A. Golbeck', 112),
(232, 'Rose Catherine', 18),
(233, 'William Weston Cohen', 18),
(234, 'Ramon Lopes', 113),
(235, 'Renato Martins Assunção', 114),
(236, 'Rodrygo L. T. Santos', 114),
(237, 'Mike Gartrell', 105),
(238, 'Ulrich Paquet', 115),
(239, 'Noam Koenigstein', 105),
(240, 'Chaoyuan Wu', 116),
(241, 'Christopher V Alvino', 54),
(242, 'Yuchin Juan', 117),
(243, 'Yong Zhuang', 118),
(244, 'Weisheng Chin', 119),
(245, 'Chih-Jen Lin', 119),
(246, 'Zhu Sun', 33),
(247, 'Alessandro Bozzon', 6),
(248, 'Dawen Liang', 120),
(249, 'Jaan Altosaar', 121),
(250, 'Laurent Charlin', 122),
(251, 'David Meir Blei', 42),
(252, 'Evangelia Christakopoulou', 45),
(253, 'George Karypis', 45),
(254, 'Xuezhi Cao', 123),
(255, 'Yong Yu', 123),
(256, 'Evgeny Frolov', 124),
(257, 'Ivan V Oseledets', 125),
(258, 'Dimitrios Rafailidis', 126),
(259, 'Fabio Crestani', 127),
(260, 'Elena Viorica Epure', 128),
(261, 'Benjamin Kille', 129),
(262, 'Jon Espen Ingvaldsen', 130),
(263, 'Rébecca Deneckère', 128),
(264, 'Trinhxuan Tuan', 131),
(265, 'Tu Minh Phuong', 132),
(266, 'Tim Donkers', 21),
(267, 'Benedikt Loepp', 21),
(268, 'Ruining He', 73),
(269, 'Wangcheng Kang', 73),
(270, 'Julian John McAuley', 73),
(271, 'Rasaq Otunba', 133),
(272, 'Raimi A Rufai', 134),
(273, 'Jessica Hung Fan Lin', 133),
(274, 'Deborah Cohen', 135),
(275, 'Michal Aharon', 136),
(276, 'Yehuda Koren', 136),
(277, 'Oren Somekh', 136),
(278, 'Xixi Du', 137),
(279, 'Huafeng Liu', 137),
(280, 'Liping Jing', 137),
(281, 'Doris Xin', 138),
(282, 'Nicolas Mayoraz', 139),
(283, 'Hubert Pham', 139),
(284, 'Karthik Lakshmanan', 139),
(285, 'Thilo Haas', 65),
(286, 'Tiago Oliveira Cunha', 140),
(287, 'Carlos Soares', 140),
(288, 'André Carlos Ponce Leon Ferreira Carvalho', 141),
(289, 'Jie Kang', 45),
(290, 'Shuo Chang', 142),
(291, 'Vivek Sembium', 143),
(292, 'R. Rastogi', 143),
(293, 'Atul Saroop', 143),
(294, 'Srujana Merugu', 144),
(295, 'Antonino Freno', 145),
(296, 'Raul Sanchez-Vazquez', 114),
(297, 'Jordan Silva', 114),
(298, 'Sungyong Seo', 146),
(299, 'Jing Huang', 147),
(300, 'Hao Yang', 147),
(301, 'Yan Liu', 146),
(302, 'Joan R Serrà', 100),
(303, 'Yue Ning', 148),
(304, 'Yue Shi', 149),
(305, 'Liangjie Hong', 150),
(306, 'Huzefa Rangwala', 133),
(307, 'Naren Ramakrishnan', 148),
(308, 'Jakub Macina', 151),
(309, 'Ivan Srba', 151),
(310, 'Joseph Jay Williams', 152),
(311, 'Maria Bielikova', 151),
(312, 'Kevin Jasberg', 153),
(313, 'Sergej Sizov', 153),
(314, 'Alain D Starke', 93),
(315, 'Chris Snijders', 93),
(316, 'Erez Shmueli', 154),
(317, 'Tamir Tassa', 155),
(318, 'Xiaoying Zhang', 156),
(319, 'Junzhou Zhao', 156),
(320, 'John Chi Shing Lui', 156),
(321, 'Lin Xiao', 28),
(322, 'Zhang Min', 28),
(323, 'Zhang Yongfeng', 81),
(324, 'Gu Zhaoquan', 157),
(325, 'Liu Yiqun', 28),
(326, 'Ma Shaoping', 28);

-- --------------------------------------------------------

--
-- Structure de la table `pays`
--

CREATE TABLE `pays` (
  `id_pays` int(11) NOT NULL,
  `nom_pays` varchar(255) NOT NULL
) ENGINE=InnoDB DEFAULT CHARSET=utf8mb4 COLLATE=utf8mb4_general_ci;

--
-- Déchargement des données de la table `pays`
--

INSERT INTO `pays` (`id_pays`, `nom_pays`) VALUES
(1, 'Japan'),
(2, 'Netherlands'),
(3, 'Ireland'),
(4, 'Brazil'),
(5, 'China'),
(6, 'United States'),
(7, 'India'),
(8, 'USA'),
(9, 'United Kingdom'),
(10, 'Germany'),
(11, 'The Netherlands'),
(12, 'Canada'),
(13, 'Australia'),
(14, 'Singapore'),
(15, 'Denmark'),
(16, 'Israel'),
(17, 'Italy'),
(18, 'Greece'),
(19, 'Switzerland'),
(20, 'Gt Britain'),
(21, 'France'),
(22, 'Hong Kong'),
(23, 'Belgium'),
(24, 'South Korea'),
(25, 'Hungary'),
(26, 'Spain'),
(27, 'Taiwan Roc'),
(28, 'Russian Fed'),
(29, 'Norway'),
(30, 'Vietnam'),
(31, 'Portugal'),
(32, 'Slovakia');

-- --------------------------------------------------------

--
-- Structure de la table `rediger`
--

CREATE TABLE `rediger` (
  `id_article` int(11) NOT NULL,
  `id_auteur` int(11) NOT NULL,
  `annee` varchar(25) NOT NULL
) ENGINE=InnoDB DEFAULT CHARSET=utf8mb4 COLLATE=utf8mb4_general_ci;

--
-- Déchargement des données de la table `rediger`
--

INSERT INTO `rediger` (`id_article`, `id_auteur`, `annee`) VALUES
(1, 1, '2014'),
(1, 2, '2014'),
(2, 3, '2014'),
(3, 4, '2014'),
(3, 5, '2014'),
(3, 6, '2014'),
(4, 7, '2014'),
(4, 8, '2014'),
(5, 9, '2014'),
(5, 10, '2014'),
(5, 11, '2014'),
(5, 12, '2014'),
(5, 13, '2014'),
(5, 14, '2014'),
(6, 15, '2014'),
(6, 16, '2014'),
(6, 17, '2014'),
(7, 18, '2014'),
(7, 19, '2014'),
(7, 20, '2014'),
(7, 21, '2014'),
(8, 22, '2014'),
(8, 23, '2014'),
(8, 24, '2014'),
(8, 25, '2014'),
(8, 26, '2014'),
(9, 27, '2014'),
(9, 28, '2014'),
(10, 29, '2014'),
(10, 30, '2014'),
(11, 31, '2014'),
(11, 32, '2014'),
(11, 33, '2014'),
(11, 34, '2014'),
(12, 35, '2014'),
(12, 36, '2014'),
(12, 37, '2014'),
(12, 38, '2014'),
(13, 39, '2014'),
(13, 40, '2014'),
(13, 41, '2014'),
(13, 42, '2014'),
(13, 43, '2014'),
(13, 44, '2014'),
(14, 45, '2014'),
(14, 46, '2014'),
(14, 47, '2014'),
(14, 48, '2014'),
(14, 49, '2014'),
(14, 50, '2014'),
(14, 51, '2014'),
(15, 52, '2014'),
(15, 53, '2014'),
(15, 54, '2014'),
(16, 55, '2014'),
(16, 56, '2014'),
(16, 57, '2014'),
(16, 58, '2014'),
(17, 59, '2014'),
(17, 60, '2014'),
(17, 61, '2014'),
(17, 62, '2014'),
(18, 63, '2014'),
(18, 64, '2014'),
(18, 65, '2014'),
(18, 66, '2014'),
(18, 67, '2014'),
(18, 68, '2014'),
(18, 69, '2014'),
(19, 70, '2014'),
(19, 71, '2014'),
(20, 72, '2014'),
(20, 73, '2014'),
(20, 74, '2014'),
(21, 75, '2015'),
(21, 76, '2015'),
(21, 77, '2015'),
(21, 78, '2015'),
(21, 79, '2015'),
(21, 80, '2015'),
(22, 81, '2015'),
(22, 82, '2015'),
(22, 83, '2015'),
(23, 84, '2015'),
(23, 85, '2015'),
(23, 86, '2015'),
(23, 87, '2015'),
(23, 88, '2015'),
(23, 89, '2015'),
(24, 90, '2015'),
(24, 91, '2015'),
(24, 92, '2015'),
(24, 93, '2015'),
(24, 94, '2015'),
(25, 95, '2015'),
(25, 96, '2015'),
(25, 97, '2015'),
(25, 98, '2015'),
(25, 99, '2015'),
(26, 100, '2015'),
(27, 101, '2015'),
(27, 102, '2015'),
(27, 103, '2015'),
(28, 104, '2015'),
(28, 105, '2015'),
(29, 106, '2015'),
(29, 107, '2015'),
(29, 108, '2015'),
(29, 109, '2015'),
(30, 110, '2015'),
(30, 111, '2015'),
(30, 112, '2015'),
(30, 113, '2015'),
(31, 75, '2015'),
(31, 114, '2015'),
(31, 115, '2015'),
(31, 116, '2015'),
(32, 117, '2015'),
(32, 118, '2015'),
(32, 119, '2015'),
(32, 120, '2015'),
(33, 121, '2015'),
(33, 122, '2015'),
(33, 123, '2015'),
(33, 124, '2015'),
(34, 125, '2015'),
(34, 126, '2015'),
(34, 127, '2015'),
(35, 128, '2015'),
(35, 129, '2015'),
(35, 130, '2015'),
(36, 131, '2015'),
(36, 132, '2015'),
(36, 133, '2015'),
(37, 134, '2015'),
(37, 135, '2015'),
(37, 136, '2015'),
(38, 137, '2015'),
(38, 138, '2015'),
(38, 139, '2015'),
(39, 134, '2015'),
(39, 135, '2015'),
(39, 140, '2015'),
(40, 141, '2015'),
(40, 142, '2015'),
(40, 143, '2015'),
(40, 144, '2015'),
(41, 145, '2015'),
(42, 80, '2015'),
(42, 116, '2015'),
(42, 146, '2015'),
(42, 147, '2015'),
(42, 148, '2015'),
(43, 149, '2015'),
(43, 150, '2015'),
(43, 151, '2015'),
(43, 152, '2015'),
(44, 153, '2015'),
(44, 154, '2015'),
(45, 155, '2015'),
(45, 156, '2015'),
(45, 157, '2015'),
(46, 90, '2015'),
(46, 91, '2015'),
(46, 92, '2015'),
(46, 93, '2015'),
(46, 94, '2015'),
(47, 158, '2015'),
(47, 159, '2015'),
(48, 58, '2015'),
(48, 160, '2015'),
(49, 134, '2016'),
(49, 161, '2016'),
(50, 162, '2016'),
(50, 163, '2016'),
(51, 164, '2016'),
(51, 165, '2016'),
(51, 166, '2016'),
(52, 167, '2016'),
(52, 168, '2016'),
(52, 169, '2016'),
(53, 170, '2016'),
(53, 171, '2016'),
(54, 75, '2016'),
(54, 79, '2016'),
(54, 116, '2016'),
(54, 172, '2016'),
(55, 173, '2016'),
(55, 174, '2016'),
(55, 175, '2016'),
(55, 176, '2016'),
(56, 177, '2016'),
(56, 178, '2016'),
(57, 79, '2016'),
(57, 80, '2016'),
(57, 179, '2016'),
(58, 180, '2016'),
(58, 181, '2016'),
(59, 182, '2016'),
(59, 183, '2016'),
(59, 184, '2016'),
(60, 185, '2016'),
(60, 186, '2016'),
(60, 187, '2016'),
(61, 188, '2016'),
(61, 189, '2016'),
(62, 190, '2016'),
(62, 191, '2016'),
(63, 114, '2016'),
(63, 192, '2016'),
(64, 193, '2016'),
(64, 194, '2016'),
(64, 195, '2016'),
(65, 196, '2016'),
(65, 197, '2016'),
(65, 198, '2016'),
(65, 199, '2016'),
(65, 200, '2016'),
(66, 201, '2016'),
(66, 202, '2016'),
(66, 203, '2016'),
(66, 204, '2016'),
(67, 205, '2016'),
(67, 206, '2016'),
(67, 207, '2016'),
(67, 208, '2016'),
(68, 209, '2016'),
(68, 210, '2016'),
(68, 211, '2016'),
(69, 209, '2016'),
(69, 210, '2016'),
(69, 212, '2016'),
(70, 213, '2016'),
(70, 214, '2016'),
(70, 215, '2016'),
(71, 216, '2016'),
(71, 217, '2016'),
(71, 218, '2016'),
(72, 219, '2016'),
(72, 220, '2016'),
(72, 221, '2016'),
(73, 222, '2016'),
(73, 223, '2016'),
(74, 224, '2016'),
(74, 225, '2016'),
(74, 226, '2016'),
(74, 227, '2016'),
(75, 228, '2016'),
(75, 229, '2016'),
(75, 230, '2016'),
(75, 231, '2016'),
(76, 232, '2016'),
(76, 233, '2016'),
(77, 234, '2016'),
(77, 235, '2016'),
(77, 236, '2016'),
(78, 237, '2016'),
(78, 238, '2016'),
(78, 239, '2016'),
(79, 127, '2016'),
(79, 191, '2016'),
(79, 240, '2016'),
(79, 241, '2016'),
(80, 242, '2016'),
(80, 243, '2016'),
(80, 244, '2016'),
(80, 245, '2016'),
(81, 48, '2016'),
(81, 50, '2016'),
(81, 246, '2016'),
(81, 247, '2016'),
(82, 248, '2016'),
(82, 249, '2016'),
(82, 250, '2016'),
(82, 251, '2016'),
(83, 252, '2016'),
(83, 253, '2016'),
(84, 254, '2016'),
(84, 255, '2016'),
(85, 256, '2016'),
(85, 257, '2016'),
(86, 258, '2017'),
(86, 259, '2017'),
(87, 260, '2017'),
(87, 261, '2017'),
(87, 262, '2017'),
(87, 263, '2017'),
(88, 201, '2017'),
(88, 202, '2017'),
(88, 203, '2017'),
(89, 264, '2017'),
(89, 265, '2017'),
(90, 30, '2017'),
(90, 266, '2017'),
(90, 267, '2017'),
(91, 268, '2017'),
(91, 269, '2017'),
(91, 270, '2017'),
(92, 271, '2017'),
(92, 272, '2017'),
(92, 273, '2017'),
(93, 274, '2017'),
(93, 275, '2017'),
(93, 276, '2017'),
(93, 277, '2017'),
(94, 278, '2017'),
(94, 279, '2017'),
(94, 280, '2017'),
(95, 281, '2017'),
(95, 282, '2017'),
(95, 283, '2017'),
(95, 284, '2017'),
(96, 122, '2017'),
(96, 124, '2017'),
(96, 285, '2017'),
(97, 286, '2017'),
(97, 287, '2017'),
(97, 288, '2017'),
(98, 78, '2017'),
(98, 80, '2017'),
(98, 116, '2017'),
(98, 289, '2017'),
(98, 290, '2017'),
(99, 291, '2017'),
(99, 292, '2017'),
(99, 293, '2017'),
(99, 294, '2017'),
(100, 295, '2017'),
(101, 236, '2017'),
(101, 296, '2017'),
(101, 297, '2017'),
(102, 298, '2017'),
(102, 299, '2017'),
(102, 300, '2017'),
(102, 301, '2017'),
(103, 232, '2017'),
(103, 233, '2017'),
(104, 203, '2017'),
(104, 302, '2017'),
(105, 303, '2017'),
(105, 304, '2017'),
(105, 305, '2017'),
(105, 306, '2017'),
(105, 307, '2017'),
(106, 308, '2017'),
(106, 309, '2017'),
(106, 310, '2017'),
(106, 311, '2017'),
(107, 312, '2017'),
(107, 313, '2017'),
(108, 192, '2017'),
(108, 314, '2017'),
(108, 315, '2017'),
(109, 316, '2017'),
(109, 317, '2017'),
(110, 318, '2017'),
(110, 319, '2017'),
(110, 320, '2017'),
(111, 321, '2017'),
(111, 322, '2017'),
(111, 323, '2017'),
(111, 324, '2017'),
(111, 325, '2017'),
(111, 326, '2017');

-- --------------------------------------------------------

--
-- Structure de la table `ville`
--

CREATE TABLE `ville` (
  `id_ville` int(11) NOT NULL,
  `nom_ville` varchar(255) NOT NULL,
  `id_pays` int(11) NOT NULL
) ENGINE=InnoDB DEFAULT CHARSET=utf8mb4 COLLATE=utf8mb4_general_ci;

--
-- Déchargement des données de la table `ville`
--

INSERT INTO `ville` (`id_ville`, `nom_ville`, `id_pays`) VALUES
(1, 'Toyko', 1),
(2, 'Tokyo', 1),
(3, 'Delft', 2),
(4, 'Galway', 3),
(5, 'Belo Horizonte', 4),
(6, 'Hong Kong', 5),
(7, 'Shenzhen', 5),
(8, 'CA', 6),
(9, 'Hauz Khas', 7),
(10, 'Kanpur', 7),
(11, 'Bangalore', 7),
(12, 'PA', 8),
(13, 'Bristol', 9),
(14, 'Duisburg', 10),
(15, 'Amsterdam', 11),
(16, 'Toronto', 12),
(17, 'Hefei', 5),
(18, 'Beijing', 5),
(19, 'WA', 6),
(20, 'Sydney', 13),
(21, 'Shanghai', 5),
(22, 'Singapore', 14),
(23, 'Amsterdam', 2),
(24, 'NY', 8),
(25, 'TX', 8),
(26, 'Copenhagen', 15),
(27, 'London', 9),
(28, 'Hangzhou', 5),
(29, 'NY', 6),
(30, 'MA', 8),
(31, 'MN', 8),
(32, 'Haifa', 16),
(33, 'MI', 8),
(34, 'CA', 8),
(35, 'MD', 8),
(36, 'Campina Grande', 4),
(37, 'Verona', 17),
(38, 'Crete', 18),
(39, 'Southampton', 9),
(40, 'PQ', 12),
(41, 'New York', 8),
(42, 'Princeton', 8),
(43, 'Zurich', 19),
(44, 'London', 20),
(45, 'Xi\'an', 5),
(46, 'Lausanne', 19),
(47, 'Dortmund', 10),
(48, 'Fontainbleau', 21),
(49, 'Hong Kong', 22),
(50, 'ON', 12),
(51, 'New York City', 8),
(52, 'Piscataway', 8),
(53, 'Antwerp', 23),
(54, 'Minneapolis', 8),
(55, 'Aachen', 10),
(56, 'Leuven', 23),
(57, 'NJ', 8),
(58, 'KY', 8),
(59, 'Oxford', 9),
(60, 'IN', 8),
(61, 'SC', 8),
(62, 'Eindhoven', 2),
(63, 'Paris', 21),
(64, 'Pohang', 24),
(65, 'Seoul', 24),
(66, 'Budapest', 25),
(67, 'Milan', 17),
(68, 'Barcelona', 26),
(69, 'Milano', 17),
(70, 'Nijmegen', 2),
(71, 'Herzliya', 16),
(72, 'Compiegne', 21),
(73, 'San Diego', 8),
(74, 'San Jose', 8),
(75, 'Cruz das Almas', 4),
(76, 'Cambridge', 9),
(77, 'Palo Alto', 8),
(78, 'Pittsburgh', 8),
(79, 'Taipei', 27),
(80, 'Moscow', 28),
(81, 'Mons', 23),
(82, 'Lugano', 19),
(83, 'Berlin', 10),
(84, 'Trondheim', 29),
(85, 'Hanoi', 30),
(86, 'VA', 8),
(87, 'Tel-Aviv', 16),
(88, 'IL', 8),
(89, 'Porto', 31),
(90, 'São Carlos', 4),
(91, 'Bratislava', 32),
(92, 'Duesseldorf', 10),
(93, 'Ra\'anana', 16),
(94, 'HongKong', 5);

--
-- Index pour les tables déchargées
--

--
-- Index pour la table `affiliation`
--
ALTER TABLE `affiliation`
  ADD PRIMARY KEY (`id_affiliation`),
  ADD KEY `id_ville` (`id_ville`);

--
-- Index pour la table `article`
--
ALTER TABLE `article`
  ADD PRIMARY KEY (`id_article`);

--
-- Index pour la table `auteur`
--
ALTER TABLE `auteur`
  ADD PRIMARY KEY (`id_auteur`),
  ADD KEY `id_affiliation` (`id_affiliation`);

--
-- Index pour la table `pays`
--
ALTER TABLE `pays`
  ADD PRIMARY KEY (`id_pays`);

--
-- Index pour la table `rediger`
--
ALTER TABLE `rediger`
  ADD PRIMARY KEY (`id_article`,`id_auteur`),
  ADD KEY `id_auteur` (`id_auteur`);

--
-- Index pour la table `ville`
--
ALTER TABLE `ville`
  ADD PRIMARY KEY (`id_ville`),
  ADD KEY `id_pays` (`id_pays`);

--
-- AUTO_INCREMENT pour les tables déchargées
--

--
-- AUTO_INCREMENT pour la table `affiliation`
--
ALTER TABLE `affiliation`
  MODIFY `id_affiliation` int(11) NOT NULL AUTO_INCREMENT, AUTO_INCREMENT=158;

--
-- AUTO_INCREMENT pour la table `article`
--
ALTER TABLE `article`
  MODIFY `id_article` int(11) NOT NULL AUTO_INCREMENT, AUTO_INCREMENT=112;

--
-- AUTO_INCREMENT pour la table `auteur`
--
ALTER TABLE `auteur`
  MODIFY `id_auteur` int(11) NOT NULL AUTO_INCREMENT, AUTO_INCREMENT=327;

--
-- AUTO_INCREMENT pour la table `pays`
--
ALTER TABLE `pays`
  MODIFY `id_pays` int(11) NOT NULL AUTO_INCREMENT, AUTO_INCREMENT=33;

--
-- AUTO_INCREMENT pour la table `ville`
--
ALTER TABLE `ville`
  MODIFY `id_ville` int(11) NOT NULL AUTO_INCREMENT, AUTO_INCREMENT=95;

--
-- Contraintes pour les tables déchargées
--

--
-- Contraintes pour la table `affiliation`
--
ALTER TABLE `affiliation`
  ADD CONSTRAINT `affiliation_ibfk_1` FOREIGN KEY (`id_ville`) REFERENCES `ville` (`id_ville`);

--
-- Contraintes pour la table `auteur`
--
ALTER TABLE `auteur`
  ADD CONSTRAINT `auteur_ibfk_1` FOREIGN KEY (`id_affiliation`) REFERENCES `affiliation` (`id_affiliation`);

--
-- Contraintes pour la table `rediger`
--
ALTER TABLE `rediger`
  ADD CONSTRAINT `rediger_ibfk_1` FOREIGN KEY (`id_article`) REFERENCES `article` (`id_article`),
  ADD CONSTRAINT `rediger_ibfk_2` FOREIGN KEY (`id_auteur`) REFERENCES `auteur` (`id_auteur`);

--
-- Contraintes pour la table `ville`
--
ALTER TABLE `ville`
  ADD CONSTRAINT `ville_ibfk_1` FOREIGN KEY (`id_pays`) REFERENCES `pays` (`id_pays`);
COMMIT;

/*!40101 SET CHARACTER_SET_CLIENT=@OLD_CHARACTER_SET_CLIENT */;
/*!40101 SET CHARACTER_SET_RESULTS=@OLD_CHARACTER_SET_RESULTS */;
/*!40101 SET COLLATION_CONNECTION=@OLD_COLLATION_CONNECTION */;
